time,subsystem,contract_id,message
2010.0,EnvironmentalLoads,G2,Environmental forces exceed defined envelope.
2075.0,EnvironmentalLoads,G2,Environmental forces exceed defined envelope.
2085.0,EnvironmentalLoads,G2,Environmental forces exceed defined envelope.
2100.0,EnvironmentalLoads,G2,Environmental forces exceed defined envelope.
2125.0,EnvironmentalLoads,A2,Environmental parameters out of valid modelled range.
2140.0,EnvironmentalLoads,A2,Environmental parameters out of valid modelled range.
2150.0,EnvironmentalLoads,A2,Environmental parameters out of valid modelled range.
2150.0,EnvironmentalLoads,G2,Environmental forces exceed defined envelope.
2165.0,EnvironmentalLoads,A2,Environmental parameters out of valid modelled range.
2175.0,EnvironmentalLoads,A2,Environmental parameters out of valid modelled range.
2185.0,EnvironmentalLoads,A2,Environmental parameters out of valid modelled range.
2200.0,EnvironmentalLoads,G2,Environmental forces exceed defined envelope.
2205.0,EnvironmentalLoads,A2,Environmental parameters out of valid modelled range.
2225.0,EnvironmentalLoads,A2,Environmental parameters out of valid modelled range.
2230.0,EnvironmentalLoads,A2,Environmental parameters out of valid modelled range.
2235.0,EnvironmentalLoads,A2,Environmental parameters out of valid modelled range.
2240.0,EnvironmentalLoads,A2,Environmental parameters out of valid modelled range.
2250.0,EnvironmentalLoads,A2,Environmental parameters out of valid modelled range.
2250.0,EnvironmentalLoads,G2,Environmental forces exceed defined envelope.
2255.0,EnvironmentalLoads,A2,Environmental parameters out of valid modelled range.
2255.0,EnvironmentalLoads,G2,Environmental forces exceed defined envelope.
2265.0,EnvironmentalLoads,A2,Environmental parameters out of valid modelled range.
2275.0,EnvironmentalLoads,A2,Environmental parameters out of valid modelled range.
2275.0,EnvironmentalLoads,G2,Environmental forces exceed defined envelope.
2285.0,EnvironmentalLoads,A2,Environmental parameters out of valid modelled range.
2290.0,EnvironmentalLoads,A2,Environmental parameters out of valid modelled range.
2290.0,EnvironmentalLoads,G2,Environmental forces exceed defined envelope.
2295.0,EnvironmentalLoads,G2,Environmental forces exceed defined envelope.
2300.0,EnvironmentalLoads,A2,Environmental parameters out of valid modelled range.
2320.0,EnvironmentalLoads,A2,Environmental parameters out of valid modelled range.
2325.0,EnvironmentalLoads,G2,Environmental forces exceed defined envelope.
2330.0,EnvironmentalLoads,A2,Environmental parameters out of valid modelled range.
2335.0,EnvironmentalLoads,A2,Environmental parameters out of valid modelled range.
2340.0,EnvironmentalLoads,A2,Environmental parameters out of valid modelled range.
2350.0,EnvironmentalLoads,A2,Environmental parameters out of valid modelled range.
2360.0,EnvironmentalLoads,A2,Environmental parameters out of valid modelled range.
2360.0,EnvironmentalLoads,G2,Environmental forces exceed defined envelope.
2365.0,EnvironmentalLoads,A2,Environmental parameters out of valid modelled range.
2390.0,EnvironmentalLoads,A2,Environmental parameters out of valid modelled range.
2410.0,EnvironmentalLoads,A2,Environmental parameters out of valid modelled range.
2415.0,EnvironmentalLoads,A2,Environmental parameters out of valid modelled range.
2420.0,EnvironmentalLoads,A2,Environmental parameters out of valid modelled range.
2435.0,EnvironmentalLoads,A2,Environmental parameters out of valid modelled range.
2440.0,EnvironmentalLoads,G2,Environmental forces exceed defined envelope.
2460.0,EnvironmentalLoads,A2,Environmental parameters out of valid modelled range.
2480.0,EnvironmentalLoads,G2,Environmental forces exceed defined envelope.
2490.0,EnvironmentalLoads,A2,Environmental parameters out of valid modelled range.
2500.0,EnvironmentalLoads,A2,Environmental parameters out of valid modelled range.
2505.0,EnvironmentalLoads,G2,Environmental forces exceed defined envelope.
2515.0,EnvironmentalLoads,A2,Environmental parameters out of valid modelled range.
2535.0,EnvironmentalLoads,A2,Environmental parameters out of valid modelled range.
2540.0,EnvironmentalLoads,A2,Environmental parameters out of valid modelled range.
2550.0,EnvironmentalLoads,A2,Environmental parameters out of valid modelled range.
2555.0,EnvironmentalLoads,A2,Environmental parameters out of valid modelled range.
2565.0,EnvironmentalLoads,A2,Environmental parameters out of valid modelled range.
2570.0,EnvironmentalLoads,A2,Environmental parameters out of valid modelled range.
2585.0,EnvironmentalLoads,A2,Environmental parameters out of valid modelled range.
2590.0,EnvironmentalLoads,G2,Environmental forces exceed defined envelope.
2600.0,EnvironmentalLoads,A2,Environmental parameters out of valid modelled range.
2610.0,EnvironmentalLoads,A2,Environmental parameters out of valid modelled range.
2610.0,EnvironmentalLoads,G2,Environmental forces exceed defined envelope.
2615.0,EnvironmentalLoads,G2,Environmental forces exceed defined envelope.
2620.0,EnvironmentalLoads,A2,Environmental parameters out of valid modelled range.
2620.0,EnvironmentalLoads,G2,Environmental forces exceed defined envelope.
2630.0,EnvironmentalLoads,A2,Environmental parameters out of valid modelled range.
2635.0,EnvironmentalLoads,A2,Environmental parameters out of valid modelled range.
2640.0,EnvironmentalLoads,G2,Environmental forces exceed defined envelope.
2645.0,EnvironmentalLoads,A2,Environmental parameters out of valid modelled range.
2660.0,EnvironmentalLoads,A2,Environmental parameters out of valid modelled range.
2670.0,EnvironmentalLoads,A2,Environmental parameters out of valid modelled range.
2675.0,EnvironmentalLoads,A2,Environmental parameters out of valid modelled range.
2680.0,EnvironmentalLoads,A2,Environmental parameters out of valid modelled range.
2685.0,EnvironmentalLoads,A2,Environmental parameters out of valid modelled range.
2685.0,EnvironmentalLoads,G2,Environmental forces exceed defined envelope.
2690.0,EnvironmentalLoads,A2,Environmental parameters out of valid modelled range.
2705.0,EnvironmentalLoads,A2,Environmental parameters out of valid modelled range.
2715.0,EnvironmentalLoads,G2,Environmental forces exceed defined envelope.
2755.0,EnvironmentalLoads,A2,Environmental parameters out of valid modelled range.
2760.0,EnvironmentalLoads,G2,Environmental forces exceed defined envelope.
2765.0,EnvironmentalLoads,G2,Environmental forces exceed defined envelope.
2770.0,EnvironmentalLoads,A2,Environmental parameters out of valid modelled range.
2785.0,EnvironmentalLoads,A2,Environmental parameters out of valid modelled range.
2795.0,EnvironmentalLoads,G2,Environmental forces exceed defined envelope.
2800.0,EnvironmentalLoads,A2,Environmental parameters out of valid modelled range.
2800.0,EnvironmentalLoads,G2,Environmental forces exceed defined envelope.
2805.0,EnvironmentalLoads,G2,Environmental forces exceed defined envelope.
2810.0,EnvironmentalLoads,G2,Environmental forces exceed defined envelope.
2815.0,EnvironmentalLoads,A2,Environmental parameters out of valid modelled range.
2815.0,EnvironmentalLoads,G2,Environmental forces exceed defined envelope.
2820.0,EnvironmentalLoads,G2,Environmental forces exceed defined envelope.
2830.0,EnvironmentalLoads,A2,Environmental parameters out of valid modelled range.
2830.0,EnvironmentalLoads,G2,Environmental forces exceed defined envelope.
2840.0,EnvironmentalLoads,G2,Environmental forces exceed defined envelope.
2850.0,EnvironmentalLoads,A2,Environmental parameters out of valid modelled range.
2850.0,EnvironmentalLoads,G2,Environmental forces exceed defined envelope.
2870.0,EnvironmentalLoads,A2,Environmental parameters out of valid modelled range.
2870.0,EnvironmentalLoads,G2,Environmental forces exceed defined envelope.
2885.0,EnvironmentalLoads,A2,Environmental parameters out of valid modelled range.
2895.0,EnvironmentalLoads,A2,Environmental parameters out of valid modelled range.
2915.0,EnvironmentalLoads,A2,Environmental parameters out of valid modelled range.
2925.0,EnvironmentalLoads,A2,Environmental parameters out of valid modelled range.
2930.0,EnvironmentalLoads,A2,Environmental parameters out of valid modelled range.
2960.0,EnvironmentalLoads,A2,Environmental parameters out of valid modelled range.
2965.0,EnvironmentalLoads,A2,Environmental parameters out of valid modelled range.
2970.0,EnvironmentalLoads,A2,Environmental parameters out of valid modelled range.
2975.0,EnvironmentalLoads,A2,Environmental parameters out of valid modelled range.
2985.0,EnvironmentalLoads,A2,Environmental parameters out of valid modelled range.
2985.0,EnvironmentalLoads,G2,Environmental forces exceed defined envelope.
2990.0,EnvironmentalLoads,A2,Environmental parameters out of valid modelled range.
2995.0,EnvironmentalLoads,G2,Environmental forces exceed defined envelope.
3000.0,EnvironmentalLoads,G2,Environmental forces exceed defined envelope.
3005.0,EnvironmentalLoads,A2,Environmental parameters out of valid modelled range.
3005.0,EnvironmentalLoads,G2,Environmental forces exceed defined envelope.
3010.0,EnvironmentalLoads,G2,Environmental forces exceed defined envelope.
3015.0,EnvironmentalLoads,G2,Environmental forces exceed defined envelope.
3020.0,EnvironmentalLoads,A2,Environmental parameters out of valid modelled range.
3030.0,EnvironmentalLoads,A2,Environmental parameters out of valid modelled range.
3030.0,EnvironmentalLoads,G2,Environmental forces exceed defined envelope.
3035.0,EnvironmentalLoads,A2,Environmental parameters out of valid modelled range.
3040.0,EnvironmentalLoads,A2,Environmental parameters out of valid modelled range.
3045.0,EnvironmentalLoads,A2,Environmental parameters out of valid modelled range.
3055.0,EnvironmentalLoads,A2,Environmental parameters out of valid modelled range.
3060.0,EnvironmentalLoads,G2,Environmental forces exceed defined envelope.
3065.0,EnvironmentalLoads,G2,Environmental forces exceed defined envelope.
3070.0,EnvironmentalLoads,A2,Environmental parameters out of valid modelled range.
3070.0,EnvironmentalLoads,G2,Environmental forces exceed defined envelope.
3085.0,EnvironmentalLoads,A2,Environmental parameters out of valid modelled range.
3095.0,EnvironmentalLoads,G2,Environmental forces exceed defined envelope.
3100.0,EnvironmentalLoads,A2,Environmental parameters out of valid modelled range.
3105.0,EnvironmentalLoads,A2,Environmental parameters out of valid modelled range.
3105.0,EnvironmentalLoads,G2,Environmental forces exceed defined envelope.
3110.0,EnvironmentalLoads,A2,Environmental parameters out of valid modelled range.
3110.0,EnvironmentalLoads,G2,Environmental forces exceed defined envelope.
3125.0,EnvironmentalLoads,A2,Environmental parameters out of valid modelled range.
3130.0,EnvironmentalLoads,G2,Environmental forces exceed defined envelope.
3155.0,EnvironmentalLoads,A2,Environmental parameters out of valid modelled range.
3160.0,EnvironmentalLoads,A2,Environmental parameters out of valid modelled range.
3170.0,EnvironmentalLoads,A2,Environmental parameters out of valid modelled range.
3180.0,EnvironmentalLoads,A2,Environmental parameters out of valid modelled range.
3185.0,EnvironmentalLoads,A2,Environmental parameters out of valid modelled range.
3195.0,EnvironmentalLoads,A2,Environmental parameters out of valid modelled range.
3200.0,EnvironmentalLoads,A2,Environmental parameters out of valid modelled range.
3210.0,EnvironmentalLoads,A2,Environmental parameters out of valid modelled range.
3220.0,EnvironmentalLoads,A2,Environmental parameters out of valid modelled range.
3245.0,EnvironmentalLoads,G2,Environmental forces exceed defined envelope.
3260.0,EnvironmentalLoads,A2,Environmental parameters out of valid modelled range.
3290.0,EnvironmentalLoads,A2,Environmental parameters out of valid modelled range.
3305.0,EnvironmentalLoads,A2,Environmental parameters out of valid modelled range.
3305.0,EnvironmentalLoads,G2,Environmental forces exceed defined envelope.
3330.0,EnvironmentalLoads,A2,Environmental parameters out of valid modelled range.
3340.0,EnvironmentalLoads,A2,Environmental parameters out of valid modelled range.
3350.0,EnvironmentalLoads,A2,Environmental parameters out of valid modelled range.
3370.0,EnvironmentalLoads,A2,Environmental parameters out of valid modelled range.
3390.0,EnvironmentalLoads,G2,Environmental forces exceed defined envelope.
3400.0,EnvironmentalLoads,G2,Environmental forces exceed defined envelope.
3405.0,EnvironmentalLoads,A2,Environmental parameters out of valid modelled range.
3420.0,EnvironmentalLoads,A2,Environmental parameters out of valid modelled range.
3430.0,EnvironmentalLoads,G2,Environmental forces exceed defined envelope.
3450.0,EnvironmentalLoads,A2,Environmental parameters out of valid modelled range.
3455.0,EnvironmentalLoads,A2,Environmental parameters out of valid modelled range.
3455.0,EnvironmentalLoads,G2,Environmental forces exceed defined envelope.
3465.0,EnvironmentalLoads,A2,Environmental parameters out of valid modelled range.
3480.0,EnvironmentalLoads,G2,Environmental forces exceed defined envelope.
3495.0,EnvironmentalLoads,A2,Environmental parameters out of valid modelled range.
3500.0,EnvironmentalLoads,A2,Environmental parameters out of valid modelled range.
3515.0,EnvironmentalLoads,A2,Environmental parameters out of valid modelled range.
3555.0,EnvironmentalLoads,A2,Environmental parameters out of valid modelled range.
3560.0,EnvironmentalLoads,A2,Environmental parameters out of valid modelled range.
3575.0,EnvironmentalLoads,A2,Environmental parameters out of valid modelled range.
3585.0,EnvironmentalLoads,G2,Environmental forces exceed defined envelope.
3600.0,EnvironmentalLoads,A2,Environmental parameters out of valid modelled range.
3640.0,EnvironmentalLoads,A2,Environmental parameters out of valid modelled range.
3660.0,EnvironmentalLoads,G2,Environmental forces exceed defined envelope.
3670.0,EnvironmentalLoads,G2,Environmental forces exceed defined envelope.
3690.0,EnvironmentalLoads,G2,Environmental forces exceed defined envelope.
3695.0,EnvironmentalLoads,G2,Environmental forces exceed defined envelope.
3700.0,EnvironmentalLoads,A2,Environmental parameters out of valid modelled range.
3710.0,EnvironmentalLoads,G2,Environmental forces exceed defined envelope.
3720.0,EnvironmentalLoads,A2,Environmental parameters out of valid modelled range.
3755.0,EnvironmentalLoads,A2,Environmental parameters out of valid modelled range.
3765.0,EnvironmentalLoads,A2,Environmental parameters out of valid modelled range.
3780.0,EnvironmentalLoads,G2,Environmental forces exceed defined envelope.
3785.0,EnvironmentalLoads,A2,Environmental parameters out of valid modelled range.
3795.0,EnvironmentalLoads,A2,Environmental parameters out of valid modelled range.
3805.0,EnvironmentalLoads,A2,Environmental parameters out of valid modelled range.
3815.0,EnvironmentalLoads,A2,Environmental parameters out of valid modelled range.
3825.0,EnvironmentalLoads,G2,Environmental forces exceed defined envelope.
3855.0,EnvironmentalLoads,A2,Environmental parameters out of valid modelled range.
3895.0,EnvironmentalLoads,A2,Environmental parameters out of valid modelled range.
3900.0,EnvironmentalLoads,A2,Environmental parameters out of valid modelled range.
3905.0,EnvironmentalLoads,A2,Environmental parameters out of valid modelled range.
3930.0,EnvironmentalLoads,G2,Environmental forces exceed defined envelope.
3965.0,EnvironmentalLoads,A2,Environmental parameters out of valid modelled range.
4015.0,EnvironmentalLoads,A2,Environmental parameters out of valid modelled range.
4050.0,EnvironmentalLoads,A2,Environmental parameters out of valid modelled range.
4090.0,EnvironmentalLoads,A2,Environmental parameters out of valid modelled range.
4125.0,EnvironmentalLoads,A2,Environmental parameters out of valid modelled range.
4130.0,EnvironmentalLoads,A2,Environmental parameters out of valid modelled range.
4150.0,EnvironmentalLoads,A2,Environmental parameters out of valid modelled range.
4170.0,EnvironmentalLoads,A2,Environmental parameters out of valid modelled range.
4185.0,EnvironmentalLoads,A2,Environmental parameters out of valid modelled range.
4210.0,EnvironmentalLoads,A2,Environmental parameters out of valid modelled range.
4210.0,EnvironmentalLoads,G2,Environmental forces exceed defined envelope.
4220.0,EnvironmentalLoads,A2,Environmental parameters out of valid modelled range.
4250.0,EnvironmentalLoads,A2,Environmental parameters out of valid modelled range.
4270.0,EnvironmentalLoads,A2,Environmental parameters out of valid modelled range.
4320.0,EnvironmentalLoads,A2,Environmental parameters out of valid modelled range.
4335.0,EnvironmentalLoads,A2,Environmental parameters out of valid modelled range.
4360.0,EnvironmentalLoads,G2,Environmental forces exceed defined envelope.
4365.0,EnvironmentalLoads,A2,Environmental parameters out of valid modelled range.
4385.0,EnvironmentalLoads,A2,Environmental parameters out of valid modelled range.
4405.0,EnvironmentalLoads,G2,Environmental forces exceed defined envelope.
4410.0,EnvironmentalLoads,A2,Environmental parameters out of valid modelled range.
4425.0,EnvironmentalLoads,A2,Environmental parameters out of valid modelled range.
4430.0,EnvironmentalLoads,G2,Environmental forces exceed defined envelope.
4440.0,EnvironmentalLoads,A2,Environmental parameters out of valid modelled range.
4440.0,EnvironmentalLoads,G2,Environmental forces exceed defined envelope.
4445.0,EnvironmentalLoads,A2,Environmental parameters out of valid modelled range.
4455.0,EnvironmentalLoads,A2,Environmental parameters out of valid modelled range.
4470.0,EnvironmentalLoads,A2,Environmental parameters out of valid modelled range.
4480.0,EnvironmentalLoads,A2,Environmental parameters out of valid modelled range.
4495.0,EnvironmentalLoads,A2,Environmental parameters out of valid modelled range.
4505.0,EnvironmentalLoads,A2,Environmental parameters out of valid modelled range.
4515.0,EnvironmentalLoads,A2,Environmental parameters out of valid modelled range.
4535.0,EnvironmentalLoads,A2,Environmental parameters out of valid modelled range.
4550.0,EnvironmentalLoads,A2,Environmental parameters out of valid modelled range.
4555.0,EnvironmentalLoads,A2,Environmental parameters out of valid modelled range.
4560.0,EnvironmentalLoads,A2,Environmental parameters out of valid modelled range.
4565.0,EnvironmentalLoads,A2,Environmental parameters out of valid modelled range.
4570.0,EnvironmentalLoads,A2,Environmental parameters out of valid modelled range.
4580.0,EnvironmentalLoads,A2,Environmental parameters out of valid modelled range.
4585.0,EnvironmentalLoads,A2,Environmental parameters out of valid modelled range.
4615.0,EnvironmentalLoads,A2,Environmental parameters out of valid modelled range.
4620.0,EnvironmentalLoads,A2,Environmental parameters out of valid modelled range.
4630.0,EnvironmentalLoads,A2,Environmental parameters out of valid modelled range.
4635.0,EnvironmentalLoads,A2,Environmental parameters out of valid modelled range.
4655.0,EnvironmentalLoads,A2,Environmental parameters out of valid modelled range.
4660.0,EnvironmentalLoads,A2,Environmental parameters out of valid modelled range.
4660.0,EnvironmentalLoads,G2,Environmental forces exceed defined envelope.
4665.0,EnvironmentalLoads,A2,Environmental parameters out of valid modelled range.
4680.0,EnvironmentalLoads,A2,Environmental parameters out of valid modelled range.
4690.0,EnvironmentalLoads,A2,Environmental parameters out of valid modelled range.
4695.0,EnvironmentalLoads,A2,Environmental parameters out of valid modelled range.
4720.0,EnvironmentalLoads,A2,Environmental parameters out of valid modelled range.
4725.0,EnvironmentalLoads,G2,Environmental forces exceed defined envelope.
4730.0,EnvironmentalLoads,G2,Environmental forces exceed defined envelope.
4735.0,EnvironmentalLoads,A2,Environmental parameters out of valid modelled range.
4740.0,EnvironmentalLoads,A2,Environmental parameters out of valid modelled range.
4745.0,EnvironmentalLoads,A2,Environmental parameters out of valid modelled range.
4745.0,EnvironmentalLoads,G2,Environmental forces exceed defined envelope.
4765.0,EnvironmentalLoads,A2,Environmental parameters out of valid modelled range.
4775.0,EnvironmentalLoads,A2,Environmental parameters out of valid modelled range.
4780.0,EnvironmentalLoads,A2,Environmental parameters out of valid modelled range.
4785.0,EnvironmentalLoads,A2,Environmental parameters out of valid modelled range.
4790.0,EnvironmentalLoads,A2,Environmental parameters out of valid modelled range.
4795.0,EnvironmentalLoads,A2,Environmental parameters out of valid modelled range.
4800.0,EnvironmentalLoads,A2,Environmental parameters out of valid modelled range.
4805.0,EnvironmentalLoads,A2,Environmental parameters out of valid modelled range.
4805.0,EnvironmentalLoads,G2,Environmental forces exceed defined envelope.
4810.0,EnvironmentalLoads,A2,Environmental parameters out of valid modelled range.
4815.0,EnvironmentalLoads,A2,Environmental parameters out of valid modelled range.
4820.0,EnvironmentalLoads,A2,Environmental parameters out of valid modelled range.
4835.0,EnvironmentalLoads,A2,Environmental parameters out of valid modelled range.
4845.0,EnvironmentalLoads,A2,Environmental parameters out of valid modelled range.
4865.0,EnvironmentalLoads,A2,Environmental parameters out of valid modelled range.
4870.0,EnvironmentalLoads,A2,Environmental parameters out of valid modelled range.
4875.0,EnvironmentalLoads,A2,Environmental parameters out of valid modelled range.
4885.0,EnvironmentalLoads,A2,Environmental parameters out of valid modelled range.
4895.0,EnvironmentalLoads,A2,Environmental parameters out of valid modelled range.
4910.0,EnvironmentalLoads,A2,Environmental parameters out of valid modelled range.
4920.0,EnvironmentalLoads,A2,Environmental parameters out of valid modelled range.
4920.0,EnvironmentalLoads,G2,Environmental forces exceed defined envelope.
4925.0,EnvironmentalLoads,G2,Environmental forces exceed defined envelope.
4930.0,EnvironmentalLoads,A2,Environmental parameters out of valid modelled range.
4930.0,EnvironmentalLoads,G2,Environmental forces exceed defined envelope.
4950.0,EnvironmentalLoads,A2,Environmental parameters out of valid modelled range.
4960.0,EnvironmentalLoads,A2,Environmental parameters out of valid modelled range.
4975.0,EnvironmentalLoads,A2,Environmental parameters out of valid modelled range.
4990.0,EnvironmentalLoads,A2,Environmental parameters out of valid modelled range.
5000.0,EnvironmentalLoads,G2,Environmental forces exceed defined envelope.
5010.0,EnvironmentalLoads,A2,Environmental parameters out of valid modelled range.
5010.0,EnvironmentalLoads,G2,Environmental forces exceed defined envelope.
5020.0,EnvironmentalLoads,A2,Environmental parameters out of valid modelled range.
5020.0,EnvironmentalLoads,G2,Environmental forces exceed defined envelope.
5030.0,EnvironmentalLoads,A2,Environmental parameters out of valid modelled range.
5040.0,EnvironmentalLoads,A2,Environmental parameters out of valid modelled range.
5040.0,EnvironmentalLoads,G2,Environmental forces exceed defined envelope.
5055.0,EnvironmentalLoads,A2,Environmental parameters out of valid modelled range.
5100.0,EnvironmentalLoads,A2,Environmental parameters out of valid modelled range.
5120.0,EnvironmentalLoads,A2,Environmental parameters out of valid modelled range.
5130.0,EnvironmentalLoads,A2,Environmental parameters out of valid modelled range.
5160.0,EnvironmentalLoads,A2,Environmental parameters out of valid modelled range.
5170.0,EnvironmentalLoads,A2,Environmental parameters out of valid modelled range.
5175.0,EnvironmentalLoads,A2,Environmental parameters out of valid modelled range.
5180.0,EnvironmentalLoads,A2,Environmental parameters out of valid modelled range.
5185.0,EnvironmentalLoads,A2,Environmental parameters out of valid modelled range.
5205.0,EnvironmentalLoads,A2,Environmental parameters out of valid modelled range.
5215.0,EnvironmentalLoads,A2,Environmental parameters out of valid modelled range.
5220.0,EnvironmentalLoads,A2,Environmental parameters out of valid modelled range.
5225.0,EnvironmentalLoads,A2,Environmental parameters out of valid modelled range.
5230.0,EnvironmentalLoads,A2,Environmental parameters out of valid modelled range.
5245.0,EnvironmentalLoads,G2,Environmental forces exceed defined envelope.
5250.0,EnvironmentalLoads,G2,Environmental forces exceed defined envelope.
5255.0,EnvironmentalLoads,A2,Environmental parameters out of valid modelled range.
5255.0,EnvironmentalLoads,G2,Environmental forces exceed defined envelope.
5280.0,EnvironmentalLoads,A2,Environmental parameters out of valid modelled range.
5290.0,EnvironmentalLoads,A2,Environmental parameters out of valid modelled range.
5290.0,EnvironmentalLoads,G2,Environmental forces exceed defined envelope.
5295.0,EnvironmentalLoads,A2,Environmental parameters out of valid modelled range.
5295.0,EnvironmentalLoads,G2,Environmental forces exceed defined envelope.
5305.0,EnvironmentalLoads,A2,Environmental parameters out of valid modelled range.
5310.0,EnvironmentalLoads,A2,Environmental parameters out of valid modelled range.
5315.0,EnvironmentalLoads,A2,Environmental parameters out of valid modelled range.
5335.0,EnvironmentalLoads,A2,Environmental parameters out of valid modelled range.
5340.0,EnvironmentalLoads,A2,Environmental parameters out of valid modelled range.
5350.0,EnvironmentalLoads,A2,Environmental parameters out of valid modelled range.
5360.0,EnvironmentalLoads,A2,Environmental parameters out of valid modelled range.
5375.0,EnvironmentalLoads,A2,Environmental parameters out of valid modelled range.
5380.0,EnvironmentalLoads,A2,Environmental parameters out of valid modelled range.
5380.0,EnvironmentalLoads,G2,Environmental forces exceed defined envelope.
5385.0,EnvironmentalLoads,A2,Environmental parameters out of valid modelled range.
5385.0,EnvironmentalLoads,G2,Environmental forces exceed defined envelope.
5400.0,EnvironmentalLoads,A2,Environmental parameters out of valid modelled range.
5405.0,EnvironmentalLoads,A2,Environmental parameters out of valid modelled range.
5415.0,EnvironmentalLoads,A2,Environmental parameters out of valid modelled range.
5420.0,EnvironmentalLoads,A2,Environmental parameters out of valid modelled range.
5435.0,EnvironmentalLoads,A2,Environmental parameters out of valid modelled range.
5440.0,EnvironmentalLoads,A2,Environmental parameters out of valid modelled range.
5470.0,EnvironmentalLoads,A2,Environmental parameters out of valid modelled range.
5485.0,EnvironmentalLoads,A2,Environmental parameters out of valid modelled range.
5490.0,EnvironmentalLoads,A2,Environmental parameters out of valid modelled range.
5495.0,EnvironmentalLoads,G2,Environmental forces exceed defined envelope.
5500.0,EnvironmentalLoads,A2,Environmental parameters out of valid modelled range.
5500.0,EnvironmentalLoads,G2,Environmental forces exceed defined envelope.
5505.0,EnvironmentalLoads,A2,Environmental parameters out of valid modelled range.
5515.0,EnvironmentalLoads,A2,Environmental parameters out of valid modelled range.
5525.0,EnvironmentalLoads,A2,Environmental parameters out of valid modelled range.
5530.0,EnvironmentalLoads,A2,Environmental parameters out of valid modelled range.
5535.0,EnvironmentalLoads,A2,Environmental parameters out of valid modelled range.
5550.0,EnvironmentalLoads,A2,Environmental parameters out of valid modelled range.
5570.0,EnvironmentalLoads,A2,Environmental parameters out of valid modelled range.
5575.0,EnvironmentalLoads,A2,Environmental parameters out of valid modelled range.
5580.0,EnvironmentalLoads,A2,Environmental parameters out of valid modelled range.
5585.0,EnvironmentalLoads,A2,Environmental parameters out of valid modelled range.
5590.0,EnvironmentalLoads,A2,Environmental parameters out of valid modelled range.
5605.0,EnvironmentalLoads,A2,Environmental parameters out of valid modelled range.
5610.0,EnvironmentalLoads,A2,Environmental parameters out of valid modelled range.
5615.0,EnvironmentalLoads,A2,Environmental parameters out of valid modelled range.
5615.0,EnvironmentalLoads,G2,Environmental forces exceed defined envelope.
5620.0,EnvironmentalLoads,A2,Environmental parameters out of valid modelled range.
5625.0,EnvironmentalLoads,A2,Environmental parameters out of valid modelled range.
5635.0,EnvironmentalLoads,A2,Environmental parameters out of valid modelled range.
5640.0,EnvironmentalLoads,A2,Environmental parameters out of valid modelled range.
5645.0,EnvironmentalLoads,A2,Environmental parameters out of valid modelled range.
5650.0,EnvironmentalLoads,A2,Environmental parameters out of valid modelled range.
5655.0,EnvironmentalLoads,A2,Environmental parameters out of valid modelled range.
5660.0,EnvironmentalLoads,A2,Environmental parameters out of valid modelled range.
5660.0,EnvironmentalLoads,G2,Environmental forces exceed defined envelope.
5670.0,EnvironmentalLoads,A2,Environmental parameters out of valid modelled range.
5675.0,EnvironmentalLoads,A2,Environmental parameters out of valid modelled range.
5685.0,EnvironmentalLoads,A2,Environmental parameters out of valid modelled range.
5690.0,EnvironmentalLoads,A2,Environmental parameters out of valid modelled range.
5690.0,EnvironmentalLoads,G2,Environmental forces exceed defined envelope.
5700.0,EnvironmentalLoads,A2,Environmental parameters out of valid modelled range.
5705.0,EnvironmentalLoads,A2,Environmental parameters out of valid modelled range.
5710.0,EnvironmentalLoads,G2,Environmental forces exceed defined envelope.
5715.0,EnvironmentalLoads,A2,Environmental parameters out of valid modelled range.
5715.0,EnvironmentalLoads,G2,Environmental forces exceed defined envelope.
5720.0,EnvironmentalLoads,A2,Environmental parameters out of valid modelled range.
5725.0,EnvironmentalLoads,A2,Environmental parameters out of valid modelled range.
5730.0,EnvironmentalLoads,A2,Environmental parameters out of valid modelled range.
5735.0,EnvironmentalLoads,A2,Environmental parameters out of valid modelled range.
5740.0,EnvironmentalLoads,G2,Environmental forces exceed defined envelope.
5745.0,EnvironmentalLoads,A2,Environmental parameters out of valid modelled range.
5745.0,EnvironmentalLoads,G2,Environmental forces exceed defined envelope.
5750.0,EnvironmentalLoads,A2,Environmental parameters out of valid modelled range.
5755.0,EnvironmentalLoads,A2,Environmental parameters out of valid modelled range.
5775.0,EnvironmentalLoads,A2,Environmental parameters out of valid modelled range.
5780.0,EnvironmentalLoads,A2,Environmental parameters out of valid modelled range.
5785.0,EnvironmentalLoads,A2,Environmental parameters out of valid modelled range.
5790.0,EnvironmentalLoads,A2,Environmental parameters out of valid modelled range.
5790.0,EnvironmentalLoads,G2,Environmental forces exceed defined envelope.
5800.0,EnvironmentalLoads,A2,Environmental parameters out of valid modelled range.
5810.0,EnvironmentalLoads,A2,Environmental parameters out of valid modelled range.
5815.0,EnvironmentalLoads,A2,Environmental parameters out of valid modelled range.
5820.0,EnvironmentalLoads,A2,Environmental parameters out of valid modelled range.
5825.0,EnvironmentalLoads,A2,Environmental parameters out of valid modelled range.
5830.0,EnvironmentalLoads,A2,Environmental parameters out of valid modelled range.
5845.0,EnvironmentalLoads,A2,Environmental parameters out of valid modelled range.
5845.0,EnvironmentalLoads,G2,Environmental forces exceed defined envelope.
5850.0,EnvironmentalLoads,A2,Environmental parameters out of valid modelled range.
5850.0,EnvironmentalLoads,G2,Environmental forces exceed defined envelope.
5855.0,EnvironmentalLoads,A2,Environmental parameters out of valid modelled range.
5855.0,EnvironmentalLoads,G2,Environmental forces exceed defined envelope.
5860.0,EnvironmentalLoads,A2,Environmental parameters out of valid modelled range.
5865.0,EnvironmentalLoads,A2,Environmental parameters out of valid modelled range.
5875.0,EnvironmentalLoads,A2,Environmental parameters out of valid modelled range.
5885.0,EnvironmentalLoads,A2,Environmental parameters out of valid modelled range.
5900.0,EnvironmentalLoads,A2,Environmental parameters out of valid modelled range.
5905.0,EnvironmentalLoads,A2,Environmental parameters out of valid modelled range.
5910.0,EnvironmentalLoads,A2,Environmental parameters out of valid modelled range.
5915.0,EnvironmentalLoads,G2,Environmental forces exceed defined envelope.
5920.0,EnvironmentalLoads,A2,Environmental parameters out of valid modelled range.
5925.0,EnvironmentalLoads,A2,Environmental parameters out of valid modelled range.
5925.0,EnvironmentalLoads,G2,Environmental forces exceed defined envelope.
5930.0,EnvironmentalLoads,A2,Environmental parameters out of valid modelled range.
5935.0,EnvironmentalLoads,A2,Environmental parameters out of valid modelled range.
5945.0,EnvironmentalLoads,A2,Environmental parameters out of valid modelled range.
5950.0,EnvironmentalLoads,A2,Environmental parameters out of valid modelled range.
5955.0,EnvironmentalLoads,A2,Environmental parameters out of valid modelled range.
5960.0,EnvironmentalLoads,A2,Environmental parameters out of valid modelled range.
5970.0,EnvironmentalLoads,A2,Environmental parameters out of valid modelled range.
5975.0,EnvironmentalLoads,A2,Environmental parameters out of valid modelled range.
5985.0,EnvironmentalLoads,A2,Environmental parameters out of valid modelled range.
5990.0,EnvironmentalLoads,A2,Environmental parameters out of valid modelled range.
6000.0,EnvironmentalLoads,A2,Environmental parameters out of valid modelled range.
6010.0,EnvironmentalLoads,A2,Environmental parameters out of valid modelled range.
6015.0,EnvironmentalLoads,A2,Environmental parameters out of valid modelled range.
6020.0,EnvironmentalLoads,A2,Environmental parameters out of valid modelled range.
6025.0,EnvironmentalLoads,A2,Environmental parameters out of valid modelled range.
6025.0,EnvironmentalLoads,G2,Environmental forces exceed defined envelope.
6030.0,EnvironmentalLoads,A2,Environmental parameters out of valid modelled range.
6035.0,EnvironmentalLoads,A2,Environmental parameters out of valid modelled range.
6035.0,EnvironmentalLoads,G2,Environmental forces exceed defined envelope.
6040.0,EnvironmentalLoads,A2,Environmental parameters out of valid modelled range.
6050.0,EnvironmentalLoads,A2,Environmental parameters out of valid modelled range.
6060.0,EnvironmentalLoads,A2,Environmental parameters out of valid modelled range.
6060.0,EnvironmentalLoads,G2,Environmental forces exceed defined envelope.
6070.0,EnvironmentalLoads,A2,Environmental parameters out of valid modelled range.
6070.0,EnvironmentalLoads,G2,Environmental forces exceed defined envelope.
6075.0,EnvironmentalLoads,A2,Environmental parameters out of valid modelled range.
6080.0,EnvironmentalLoads,G2,Environmental forces exceed defined envelope.
6085.0,EnvironmentalLoads,A2,Environmental parameters out of valid modelled range.
6105.0,EnvironmentalLoads,A2,Environmental parameters out of valid modelled range.
6105.0,EnvironmentalLoads,G2,Environmental forces exceed defined envelope.
6115.0,EnvironmentalLoads,A2,Environmental parameters out of valid modelled range.
6125.0,EnvironmentalLoads,A2,Environmental parameters out of valid modelled range.
6130.0,EnvironmentalLoads,A2,Environmental parameters out of valid modelled range.
6135.0,EnvironmentalLoads,A2,Environmental parameters out of valid modelled range.
6140.0,EnvironmentalLoads,A2,Environmental parameters out of valid modelled range.
6145.0,EnvironmentalLoads,A2,Environmental parameters out of valid modelled range.
6150.0,EnvironmentalLoads,A2,Environmental parameters out of valid modelled range.
6155.0,EnvironmentalLoads,A2,Environmental parameters out of valid modelled range.
6160.0,EnvironmentalLoads,A2,Environmental parameters out of valid modelled range.
6165.0,EnvironmentalLoads,A2,Environmental parameters out of valid modelled range.
6175.0,EnvironmentalLoads,A2,Environmental parameters out of valid modelled range.
6185.0,EnvironmentalLoads,A2,Environmental parameters out of valid modelled range.
6190.0,EnvironmentalLoads,A2,Environmental parameters out of valid modelled range.
6195.0,EnvironmentalLoads,A2,Environmental parameters out of valid modelled range.
6195.0,EnvironmentalLoads,G2,Environmental forces exceed defined envelope.
6200.0,EnvironmentalLoads,A2,Environmental parameters out of valid modelled range.
6205.0,EnvironmentalLoads,A2,Environmental parameters out of valid modelled range.
6220.0,EnvironmentalLoads,A2,Environmental parameters out of valid modelled range.
6230.0,EnvironmentalLoads,A2,Environmental parameters out of valid modelled range.
6235.0,EnvironmentalLoads,A2,Environmental parameters out of valid modelled range.
6245.0,EnvironmentalLoads,A2,Environmental parameters out of valid modelled range.
6255.0,EnvironmentalLoads,A2,Environmental parameters out of valid modelled range.
6260.0,EnvironmentalLoads,G2,Environmental forces exceed defined envelope.
6265.0,EnvironmentalLoads,A2,Environmental parameters out of valid modelled range.
6270.0,EnvironmentalLoads,A2,Environmental parameters out of valid modelled range.
6270.0,EnvironmentalLoads,G2,Environmental forces exceed defined envelope.
6275.0,EnvironmentalLoads,A2,Environmental parameters out of valid modelled range.
6285.0,EnvironmentalLoads,A2,Environmental parameters out of valid modelled range.
6295.0,EnvironmentalLoads,A2,Environmental parameters out of valid modelled range.
6295.0,EnvironmentalLoads,G2,Environmental forces exceed defined envelope.
6300.0,EnvironmentalLoads,G2,Environmental forces exceed defined envelope.
6310.0,EnvironmentalLoads,G2,Environmental forces exceed defined envelope.
6320.0,EnvironmentalLoads,A2,Environmental parameters out of valid modelled range.
6325.0,EnvironmentalLoads,A2,Environmental parameters out of valid modelled range.
6335.0,EnvironmentalLoads,A2,Environmental parameters out of valid modelled range.
6340.0,EnvironmentalLoads,A2,Environmental parameters out of valid modelled range.
6345.0,EnvironmentalLoads,A2,Environmental parameters out of valid modelled range.
6345.0,EnvironmentalLoads,G2,Environmental forces exceed defined envelope.
6350.0,EnvironmentalLoads,A2,Environmental parameters out of valid modelled range.
6350.0,EnvironmentalLoads,G2,Environmental forces exceed defined envelope.
6355.0,EnvironmentalLoads,A2,Environmental parameters out of valid modelled range.
6365.0,EnvironmentalLoads,A2,Environmental parameters out of valid modelled range.
6370.0,EnvironmentalLoads,A2,Environmental parameters out of valid modelled range.
6380.0,EnvironmentalLoads,A2,Environmental parameters out of valid modelled range.
6385.0,EnvironmentalLoads,A2,Environmental parameters out of valid modelled range.
6385.0,EnvironmentalLoads,G2,Environmental forces exceed defined envelope.
6390.0,EnvironmentalLoads,A2,Environmental parameters out of valid modelled range.
6395.0,EnvironmentalLoads,A2,Environmental parameters out of valid modelled range.
6410.0,HeadingController,G1,Cross-track error exceeds allowed limit.
6415.0,EnvironmentalLoads,A2,Environmental parameters out of valid modelled range.
6415.0,HeadingController,G1,Cross-track error exceeds allowed limit.
6420.0,EnvironmentalLoads,A2,Environmental parameters out of valid modelled range.
6420.0,EnvironmentalLoads,G2,Environmental forces exceed defined envelope.
6420.0,HeadingController,G1,Cross-track error exceeds allowed limit.
6425.0,HeadingController,G1,Cross-track error exceeds allowed limit.
6430.0,EnvironmentalLoads,A2,Environmental parameters out of valid modelled range.
6430.0,EnvironmentalLoads,G2,Environmental forces exceed defined envelope.
6430.0,HeadingController,G1,Cross-track error exceeds allowed limit.
6435.0,HeadingController,G1,Cross-track error exceeds allowed limit.
6440.0,HeadingController,G1,Cross-track error exceeds allowed limit.
6445.0,EnvironmentalLoads,A2,Environmental parameters out of valid modelled range.
6445.0,HeadingController,G1,Cross-track error exceeds allowed limit.
6450.0,HeadingController,G1,Cross-track error exceeds allowed limit.
6455.0,EnvironmentalLoads,A2,Environmental parameters out of valid modelled range.
6455.0,HeadingController,G1,Cross-track error exceeds allowed limit.
6460.0,EnvironmentalLoads,A2,Environmental parameters out of valid modelled range.
6460.0,HeadingController,G1,Cross-track error exceeds allowed limit.
6465.0,HeadingController,G1,Cross-track error exceeds allowed limit.
6470.0,EnvironmentalLoads,A2,Environmental parameters out of valid modelled range.
6470.0,HeadingController,G1,Cross-track error exceeds allowed limit.
6475.0,EnvironmentalLoads,A2,Environmental parameters out of valid modelled range.
6475.0,HeadingController,G1,Cross-track error exceeds allowed limit.
6480.0,EnvironmentalLoads,A2,Environmental parameters out of valid modelled range.
6480.0,HeadingController,G1,Cross-track error exceeds allowed limit.
6485.0,EnvironmentalLoads,A2,Environmental parameters out of valid modelled range.
6485.0,HeadingController,G1,Cross-track error exceeds allowed limit.
6490.0,EnvironmentalLoads,A2,Environmental parameters out of valid modelled range.
6490.0,HeadingController,G1,Cross-track error exceeds allowed limit.
6495.0,HeadingController,G1,Cross-track error exceeds allowed limit.
6500.0,EnvironmentalLoads,A2,Environmental parameters out of valid modelled range.
6500.0,HeadingController,G1,Cross-track error exceeds allowed limit.
6505.0,EnvironmentalLoads,A2,Environmental parameters out of valid modelled range.
6505.0,HeadingController,G1,Cross-track error exceeds allowed limit.
6510.0,HeadingController,G1,Cross-track error exceeds allowed limit.
6515.0,EnvironmentalLoads,A2,Environmental parameters out of valid modelled range.
6515.0,HeadingController,G1,Cross-track error exceeds allowed limit.
6520.0,HeadingController,G1,Cross-track error exceeds allowed limit.
6525.0,EnvironmentalLoads,A2,Environmental parameters out of valid modelled range.
6525.0,HeadingController,G1,Cross-track error exceeds allowed limit.
6530.0,EnvironmentalLoads,A2,Environmental parameters out of valid modelled range.
6530.0,HeadingController,G1,Cross-track error exceeds allowed limit.
6535.0,HeadingController,G1,Cross-track error exceeds allowed limit.
6540.0,EnvironmentalLoads,A2,Environmental parameters out of valid modelled range.
6540.0,HeadingController,G1,Cross-track error exceeds allowed limit.
6545.0,HeadingController,G1,Cross-track error exceeds allowed limit.
6550.0,EnvironmentalLoads,A2,Environmental parameters out of valid modelled range.
6555.0,EnvironmentalLoads,A2,Environmental parameters out of valid modelled range.
6565.0,EnvironmentalLoads,A2,Environmental parameters out of valid modelled range.
6570.0,EnvironmentalLoads,A2,Environmental parameters out of valid modelled range.
6580.0,EnvironmentalLoads,A2,Environmental parameters out of valid modelled range.
6585.0,EnvironmentalLoads,A2,Environmental parameters out of valid modelled range.
6595.0,EnvironmentalLoads,A2,Environmental parameters out of valid modelled range.
6600.0,EnvironmentalLoads,A2,Environmental parameters out of valid modelled range.
6605.0,EnvironmentalLoads,A2,Environmental parameters out of valid modelled range.
6615.0,EnvironmentalLoads,A2,Environmental parameters out of valid modelled range.
6635.0,EnvironmentalLoads,A2,Environmental parameters out of valid modelled range.
6640.0,EnvironmentalLoads,A2,Environmental parameters out of valid modelled range.
6640.0,EnvironmentalLoads,G2,Environmental forces exceed defined envelope.
6650.0,EnvironmentalLoads,A2,Environmental parameters out of valid modelled range.
6655.0,EnvironmentalLoads,A2,Environmental parameters out of valid modelled range.
6670.0,EnvironmentalLoads,A2,Environmental parameters out of valid modelled range.
6680.0,EnvironmentalLoads,A2,Environmental parameters out of valid modelled range.
6690.0,EnvironmentalLoads,A2,Environmental parameters out of valid modelled range.
6695.0,EnvironmentalLoads,A2,Environmental parameters out of valid modelled range.
6695.0,EnvironmentalLoads,G2,Environmental forces exceed defined envelope.
6700.0,EnvironmentalLoads,A2,Environmental parameters out of valid modelled range.
6705.0,EnvironmentalLoads,G2,Environmental forces exceed defined envelope.
6710.0,EnvironmentalLoads,A2,Environmental parameters out of valid modelled range.
6715.0,EnvironmentalLoads,A2,Environmental parameters out of valid modelled range.
6720.0,EnvironmentalLoads,G2,Environmental forces exceed defined envelope.
6735.0,EnvironmentalLoads,G2,Environmental forces exceed defined envelope.
6740.0,EnvironmentalLoads,A2,Environmental parameters out of valid modelled range.
6745.0,EnvironmentalLoads,A2,Environmental parameters out of valid modelled range.
6750.0,EnvironmentalLoads,A2,Environmental parameters out of valid modelled range.
6750.0,EnvironmentalLoads,G2,Environmental forces exceed defined envelope.
6755.0,EnvironmentalLoads,A2,Environmental parameters out of valid modelled range.
6760.0,EnvironmentalLoads,A2,Environmental parameters out of valid modelled range.
6770.0,EnvironmentalLoads,A2,Environmental parameters out of valid modelled range.
6775.0,EnvironmentalLoads,A2,Environmental parameters out of valid modelled range.
6785.0,EnvironmentalLoads,A2,Environmental parameters out of valid modelled range.
6790.0,EnvironmentalLoads,A2,Environmental parameters out of valid modelled range.
6795.0,EnvironmentalLoads,A2,Environmental parameters out of valid modelled range.
6800.0,EnvironmentalLoads,A2,Environmental parameters out of valid modelled range.
6805.0,EnvironmentalLoads,A2,Environmental parameters out of valid modelled range.
6810.0,EnvironmentalLoads,G2,Environmental forces exceed defined envelope.
6815.0,EnvironmentalLoads,A2,Environmental parameters out of valid modelled range.
6820.0,EnvironmentalLoads,A2,Environmental parameters out of valid modelled range.
6825.0,EnvironmentalLoads,A2,Environmental parameters out of valid modelled range.
6830.0,EnvironmentalLoads,A2,Environmental parameters out of valid modelled range.
6830.0,EnvironmentalLoads,G2,Environmental forces exceed defined envelope.
6835.0,EnvironmentalLoads,A2,Environmental parameters out of valid modelled range.
6840.0,EnvironmentalLoads,A2,Environmental parameters out of valid modelled range.
6855.0,EnvironmentalLoads,A2,Environmental parameters out of valid modelled range.
6870.0,EnvironmentalLoads,A2,Environmental parameters out of valid modelled range.
6880.0,EnvironmentalLoads,A2,Environmental parameters out of valid modelled range.
6885.0,EnvironmentalLoads,A2,Environmental parameters out of valid modelled range.
6890.0,EnvironmentalLoads,A2,Environmental parameters out of valid modelled range.
6895.0,EnvironmentalLoads,A2,Environmental parameters out of valid modelled range.
6910.0,EnvironmentalLoads,A2,Environmental parameters out of valid modelled range.
6920.0,EnvironmentalLoads,A2,Environmental parameters out of valid modelled range.
6940.0,EnvironmentalLoads,A2,Environmental parameters out of valid modelled range.
6945.0,EnvironmentalLoads,A2,Environmental parameters out of valid modelled range.
6955.0,EnvironmentalLoads,A2,Environmental parameters out of valid modelled range.
6965.0,EnvironmentalLoads,A2,Environmental parameters out of valid modelled range.
6980.0,EnvironmentalLoads,A2,Environmental parameters out of valid modelled range.
6985.0,EnvironmentalLoads,A2,Environmental parameters out of valid modelled range.
6985.0,EnvironmentalLoads,G2,Environmental forces exceed defined envelope.
6990.0,EnvironmentalLoads,G2,Environmental forces exceed defined envelope.
6995.0,EnvironmentalLoads,A2,Environmental parameters out of valid modelled range.
7010.0,EnvironmentalLoads,A2,Environmental parameters out of valid modelled range.
7015.0,EnvironmentalLoads,A2,Environmental parameters out of valid modelled range.
7020.0,EnvironmentalLoads,A2,Environmental parameters out of valid modelled range.
7025.0,EnvironmentalLoads,G2,Environmental forces exceed defined envelope.
7030.0,EnvironmentalLoads,A2,Environmental parameters out of valid modelled range.
7030.0,EnvironmentalLoads,G2,Environmental forces exceed defined envelope.
7040.0,EnvironmentalLoads,G2,Environmental forces exceed defined envelope.
7045.0,EnvironmentalLoads,A2,Environmental parameters out of valid modelled range.
7050.0,EnvironmentalLoads,G2,Environmental forces exceed defined envelope.
7060.0,EnvironmentalLoads,G2,Environmental forces exceed defined envelope.
7065.0,EnvironmentalLoads,A2,Environmental parameters out of valid modelled range.
7075.0,EnvironmentalLoads,A2,Environmental parameters out of valid modelled range.
7085.0,EnvironmentalLoads,A2,Environmental parameters out of valid modelled range.
7085.0,EnvironmentalLoads,G2,Environmental forces exceed defined envelope.
7090.0,EnvironmentalLoads,A2,Environmental parameters out of valid modelled range.
7100.0,EnvironmentalLoads,A2,Environmental parameters out of valid modelled range.
7105.0,EnvironmentalLoads,G2,Environmental forces exceed defined envelope.
7115.0,EnvironmentalLoads,A2,Environmental parameters out of valid modelled range.
7115.0,EnvironmentalLoads,G2,Environmental forces exceed defined envelope.
7125.0,EnvironmentalLoads,A2,Environmental parameters out of valid modelled range.
7125.0,EnvironmentalLoads,G2,Environmental forces exceed defined envelope.
7135.0,EnvironmentalLoads,A2,Environmental parameters out of valid modelled range.
7155.0,EnvironmentalLoads,A2,Environmental parameters out of valid modelled range.
7175.0,EnvironmentalLoads,A2,Environmental parameters out of valid modelled range.
7180.0,EnvironmentalLoads,A2,Environmental parameters out of valid modelled range.
7185.0,EnvironmentalLoads,A2,Environmental parameters out of valid modelled range.
7190.0,EnvironmentalLoads,A2,Environmental parameters out of valid modelled range.
7190.0,EnvironmentalLoads,G2,Environmental forces exceed defined envelope.
7195.0,EnvironmentalLoads,G2,Environmental forces exceed defined envelope.
7200.0,EnvironmentalLoads,A2,Environmental parameters out of valid modelled range.
7205.0,EnvironmentalLoads,A2,Environmental parameters out of valid modelled range.
7215.0,EnvironmentalLoads,A2,Environmental parameters out of valid modelled range.
7225.0,EnvironmentalLoads,A2,Environmental parameters out of valid modelled range.
7225.0,EnvironmentalLoads,G2,Environmental forces exceed defined envelope.
7235.0,EnvironmentalLoads,A2,Environmental parameters out of valid modelled range.
7240.0,EnvironmentalLoads,A2,Environmental parameters out of valid modelled range.
7245.0,EnvironmentalLoads,G2,Environmental forces exceed defined envelope.
7250.0,EnvironmentalLoads,A2,Environmental parameters out of valid modelled range.
7250.0,EnvironmentalLoads,G2,Environmental forces exceed defined envelope.
7255.0,EnvironmentalLoads,A2,Environmental parameters out of valid modelled range.
7255.0,EnvironmentalLoads,G2,Environmental forces exceed defined envelope.
7270.0,EnvironmentalLoads,A2,Environmental parameters out of valid modelled range.
7280.0,EnvironmentalLoads,A2,Environmental parameters out of valid modelled range.
7285.0,EnvironmentalLoads,A2,Environmental parameters out of valid modelled range.
7290.0,EnvironmentalLoads,A2,Environmental parameters out of valid modelled range.
7300.0,EnvironmentalLoads,A2,Environmental parameters out of valid modelled range.
7310.0,EnvironmentalLoads,A2,Environmental parameters out of valid modelled range.
7315.0,EnvironmentalLoads,A2,Environmental parameters out of valid modelled range.
7320.0,EnvironmentalLoads,G2,Environmental forces exceed defined envelope.
7325.0,EnvironmentalLoads,G2,Environmental forces exceed defined envelope.
7340.0,EnvironmentalLoads,A2,Environmental parameters out of valid modelled range.
7360.0,EnvironmentalLoads,A2,Environmental parameters out of valid modelled range.
7365.0,EnvironmentalLoads,A2,Environmental parameters out of valid modelled range.
7365.0,EnvironmentalLoads,G2,Environmental forces exceed defined envelope.
7370.0,EnvironmentalLoads,A2,Environmental parameters out of valid modelled range.
7385.0,EnvironmentalLoads,A2,Environmental parameters out of valid modelled range.
7410.0,EnvironmentalLoads,A2,Environmental parameters out of valid modelled range.
7425.0,EnvironmentalLoads,A2,Environmental parameters out of valid modelled range.
7440.0,EnvironmentalLoads,A2,Environmental parameters out of valid modelled range.
7445.0,EnvironmentalLoads,G2,Environmental forces exceed defined envelope.
7450.0,EnvironmentalLoads,A2,Environmental parameters out of valid modelled range.
7465.0,EnvironmentalLoads,A2,Environmental parameters out of valid modelled range.
7470.0,EnvironmentalLoads,G2,Environmental forces exceed defined envelope.
7475.0,EnvironmentalLoads,G2,Environmental forces exceed defined envelope.
7475.0,HeadingController,G1,Cross-track error exceeds allowed limit.
7480.0,HeadingController,G1,Cross-track error exceeds allowed limit.
7485.0,EnvironmentalLoads,A2,Environmental parameters out of valid modelled range.
7485.0,EnvironmentalLoads,G2,Environmental forces exceed defined envelope.
7485.0,HeadingController,G1,Cross-track error exceeds allowed limit.
7490.0,EnvironmentalLoads,A2,Environmental parameters out of valid modelled range.
7490.0,EnvironmentalLoads,G2,Environmental forces exceed defined envelope.
7490.0,HeadingController,G1,Cross-track error exceeds allowed limit.
7495.0,HeadingController,G1,Cross-track error exceeds allowed limit.
7500.0,EnvironmentalLoads,A2,Environmental parameters out of valid modelled range.
7500.0,HeadingController,G1,Cross-track error exceeds allowed limit.
7505.0,EnvironmentalLoads,A2,Environmental parameters out of valid modelled range.
7505.0,EnvironmentalLoads,G2,Environmental forces exceed defined envelope.
7505.0,HeadingController,G1,Cross-track error exceeds allowed limit.
7510.0,HeadingController,G1,Cross-track error exceeds allowed limit.
7515.0,EnvironmentalLoads,A2,Environmental parameters out of valid modelled range.
7515.0,HeadingController,G1,Cross-track error exceeds allowed limit.
7520.0,EnvironmentalLoads,A2,Environmental parameters out of valid modelled range.
7520.0,HeadingController,G1,Cross-track error exceeds allowed limit.
7525.0,HeadingController,G1,Cross-track error exceeds allowed limit.
7530.0,HeadingController,G1,Cross-track error exceeds allowed limit.
7535.0,EnvironmentalLoads,A2,Environmental parameters out of valid modelled range.
7535.0,HeadingController,G1,Cross-track error exceeds allowed limit.
7540.0,HeadingController,G1,Cross-track error exceeds allowed limit.
7545.0,HeadingController,G1,Cross-track error exceeds allowed limit.
7550.0,EnvironmentalLoads,A2,Environmental parameters out of valid modelled range.
7550.0,HeadingController,G1,Cross-track error exceeds allowed limit.
7555.0,HeadingController,G1,Cross-track error exceeds allowed limit.
7560.0,EnvironmentalLoads,A2,Environmental parameters out of valid modelled range.
7560.0,HeadingController,G1,Cross-track error exceeds allowed limit.
7565.0,HeadingController,G1,Cross-track error exceeds allowed limit.
7570.0,EnvironmentalLoads,A2,Environmental parameters out of valid modelled range.
7570.0,HeadingController,G1,Cross-track error exceeds allowed limit.
7575.0,HeadingController,G1,Cross-track error exceeds allowed limit.
7580.0,EnvironmentalLoads,A2,Environmental parameters out of valid modelled range.
7580.0,HeadingController,G1,Cross-track error exceeds allowed limit.
7585.0,EnvironmentalLoads,A2,Environmental parameters out of valid modelled range.
7585.0,HeadingController,G1,Cross-track error exceeds allowed limit.
7590.0,HeadingController,G1,Cross-track error exceeds allowed limit.
7595.0,EnvironmentalLoads,A2,Environmental parameters out of valid modelled range.
7595.0,HeadingController,G1,Cross-track error exceeds allowed limit.
7600.0,HeadingController,G1,Cross-track error exceeds allowed limit.
7605.0,HeadingController,G1,Cross-track error exceeds allowed limit.
7610.0,EnvironmentalLoads,A2,Environmental parameters out of valid modelled range.
7610.0,EnvironmentalLoads,G2,Environmental forces exceed defined envelope.
7610.0,HeadingController,G1,Cross-track error exceeds allowed limit.
7615.0,HeadingController,G1,Cross-track error exceeds allowed limit.
7620.0,EnvironmentalLoads,A2,Environmental parameters out of valid modelled range.
7620.0,HeadingController,G1,Cross-track error exceeds allowed limit.
7625.0,EnvironmentalLoads,A2,Environmental parameters out of valid modelled range.
7625.0,HeadingController,G1,Cross-track error exceeds allowed limit.
7630.0,EnvironmentalLoads,A2,Environmental parameters out of valid modelled range.
7630.0,HeadingController,G1,Cross-track error exceeds allowed limit.
7635.0,EnvironmentalLoads,A2,Environmental parameters out of valid modelled range.
7635.0,HeadingController,G1,Cross-track error exceeds allowed limit.
7640.0,EnvironmentalLoads,A2,Environmental parameters out of valid modelled range.
7640.0,EnvironmentalLoads,G2,Environmental forces exceed defined envelope.
7645.0,EnvironmentalLoads,G2,Environmental forces exceed defined envelope.
7705.0,EnvironmentalLoads,A2,Environmental parameters out of valid modelled range.
7720.0,EnvironmentalLoads,A2,Environmental parameters out of valid modelled range.
7735.0,EnvironmentalLoads,A2,Environmental parameters out of valid modelled range.
7745.0,EnvironmentalLoads,G2,Environmental forces exceed defined envelope.
7750.0,EnvironmentalLoads,A2,Environmental parameters out of valid modelled range.
7765.0,EnvironmentalLoads,A2,Environmental parameters out of valid modelled range.
7780.0,EnvironmentalLoads,A2,Environmental parameters out of valid modelled range.
7800.0,EnvironmentalLoads,A2,Environmental parameters out of valid modelled range.
7805.0,EnvironmentalLoads,G2,Environmental forces exceed defined envelope.
7815.0,EnvironmentalLoads,G2,Environmental forces exceed defined envelope.
7820.0,EnvironmentalLoads,A2,Environmental parameters out of valid modelled range.
7820.0,EnvironmentalLoads,G2,Environmental forces exceed defined envelope.
7825.0,EnvironmentalLoads,G2,Environmental forces exceed defined envelope.
7830.0,EnvironmentalLoads,G2,Environmental forces exceed defined envelope.
7835.0,EnvironmentalLoads,A2,Environmental parameters out of valid modelled range.
7845.0,EnvironmentalLoads,A2,Environmental parameters out of valid modelled range.
7855.0,HeadingController,G1,Cross-track error exceeds allowed limit.
7860.0,EnvironmentalLoads,G2,Environmental forces exceed defined envelope.
7860.0,HeadingController,G1,Cross-track error exceeds allowed limit.
7865.0,EnvironmentalLoads,A2,Environmental parameters out of valid modelled range.
7865.0,HeadingController,G1,Cross-track error exceeds allowed limit.
7870.0,HeadingController,G1,Cross-track error exceeds allowed limit.
7875.0,EnvironmentalLoads,A2,Environmental parameters out of valid modelled range.
7875.0,HeadingController,G1,Cross-track error exceeds allowed limit.
7880.0,EnvironmentalLoads,A2,Environmental parameters out of valid modelled range.
7880.0,HeadingController,G1,Cross-track error exceeds allowed limit.
7885.0,HeadingController,G1,Cross-track error exceeds allowed limit.
7890.0,HeadingController,G1,Cross-track error exceeds allowed limit.
7895.0,HeadingController,G1,Cross-track error exceeds allowed limit.
7895.0,SystemLevel,G2,Ship left scenario horizon.
